<?xml version="1.0" encoding="UTF-8"?>
<project-private xmlns="http://www.netbeans.org/ns/project-private/1">
    <editor-bookmarks xmlns="http://www.netbeans.org/ns/editor-bookmarks/2" lastBookmarkId="0"/>
    <open-files xmlns="http://www.netbeans.org/ns/projectui-open-files/2">
        <group>
            <file>file:/E:/Text%20Indexing%20NLP/src/Main.java</file>
            <file>file:/E:/Text%20Indexing%20NLP/src/Graph2.java</file>
            <file>file:/E:/Text%20Indexing%20NLP/src/PackingListRow.java</file>
        </group>
    </open-files>
</project-private>
